{
  "name": "C++",
  "n": [
    1, 2, 4, 8, 16, 32, 64, 128, 256, 512, 1024, 2048, 4096, 8192, 16384, 32768, 65536,
    131072, 262144, 524288, 1048576, 2097152, 4194304, 8388608, 16777216, 33554432,
    67108864
    ],
  "timings":[
    2.8e-08, 3e-08, 3.1e-08, 3.3e-08, 4e-08, 5.1e-08, 7.8e-08, 1.41e-07, 2.52e-07,
    4.79e-07, 9.24e-07, 2.078e-06, 4.434e-06, 8.723e-06, 1.5173e-05, 3.2793e-05,
    6.3205e-05, 0.000106833, 0.000229836, 0.000609017, 0.00141255, 0.00292348,
    0.00597676, 0.0121766, 0.0247292, 0.0495317, 0.100193
  ]
}
