{
  "name": "Python (NumPy)",
  "n": [
    1, 2, 4, 8, 16, 32, 64, 128, 256, 512, 1024
    ],
  "timings": [
    9.610000e-07, 1.003000e-06, 1.095000e-06, 1.418000e-06, 4.147000e-06, 2.329300e-05,
    1.661620e-04, 1.283224e-03, 9.817367e-03, 7.720955e-02, 7.552512e-01
  ]
}
