{
  "name": "Python",
  "n": [
    1, 2, 4, 8, 16, 32, 64, 128, 256, 512
    ],
  "timings": [
    4.553000e-06, 6.904000e-06, 3.502100e-05, 2.918480e-04, 1.275965e-03, 1.610121e-02,
    8.439955e-02, 6.138098e-01, 5.122260e+00, 1.000000e+01
  ]
}
