{
  "name": "C++",
  "n": [
    1, 2, 4, 8, 16, 32, 64, 128, 256, 512, 1024, 2048, 4096, 8192, 16384, 32768, 65536,
    131072, 262144, 524288, 1048576, 2097152, 4194304, 8388608, 16777216, 33554432,
    67108864
    ],
  "timings":[
    2.8e-08, 2.8e-08, 3e-08, 3.2e-08, 3.5e-08, 4.6e-08, 5.6e-08, 8.5e-08, 1.39e-07,
    2.52e-07, 4.74e-07, 9.21e-07, 1.816e-06, 3.598e-06, 7.174e-06, 1.4331e-05,
    2.7477e-05, 5.4852e-05, 0.000101155, 0.000181855, 0.000465227, 0.000996106,
    0.00192812, 0.00388764, 0.00786581, 0.0215216, 0.0426079
  ]
}
