{
  "name": "Python (NumPy)",
  "n": [
    1, 2, 4, 8, 16, 32, 64, 128, 256, 512, 1024, 2048, 4096, 8192, 16384, 32768, 65536,
    131072, 262144, 524288, 1048576, 2097152, 4194304, 8388608, 16777216, 33554432,
    67108864
    ],
  "timings": [
    9.890000e-07, 1.017000e-06, 1.012000e-06, 1.015000e-06, 1.021000e-06, 1.042000e-06,
    1.083000e-06, 1.167000e-06, 1.339000e-06, 1.654000e-06, 2.336000e-06, 3.707000e-06,
    6.292000e-06, 1.153900e-05, 2.210500e-05, 4.164300e-05, 8.408300e-05, 1.662470e-04,
    3.237300e-04, 7.102990e-04, 1.476426e-03, 3.007863e-03, 5.682810e-03, 1.136131e-02,
    2.140884e-02, 4.586330e-02, 9.009686e-02
  ]
}
