{
  "name": "Python",
  "n": [
    1, 2, 4, 8, 16, 32, 64, 128, 256, 512, 1024, 2048, 4096, 8192, 16384, 32768, 65536,
    131072, 262144, 524288, 1048576, 2097152, 4194304, 8388608, 16777216
    ],
  "timings": [
    4.120000e-07, 5.030000e-07, 6.960000e-07, 1.056000e-06, 1.784000e-06, 3.188000e-06,
    6.052000e-06, 1.180500e-05, 2.337000e-05, 4.685700e-05, 9.284300e-05, 1.861640e-04,
    3.341610e-04, 6.639740e-04, 1.324661e-03, 2.665179e-03, 5.415624e-03, 1.082869e-02,
    2.170023e-02, 4.350028e-02, 8.715676e-02, 1.743607e-01, 3.492658e-01, 6.710407e-01,
    1.376108e+00
  ]
}
