{
  "name": "Python (NumPy)",
  "n": [
    1, 2, 4, 8, 16, 32, 64, 128, 256, 512, 1024, 2048, 4096, 8192, 16384, 32768, 65536,
    131072, 262144, 524288, 1048576, 2097152, 4194304, 8388608, 16777216, 33554432,
    67108864
    ],
  "timings": [
    3.343000e-06, 3.349000e-06, 3.392000e-06, 3.386000e-06, 3.351000e-06, 3.362000e-06,
    3.402000e-06, 3.402000e-06, 3.464000e-06, 3.650000e-06, 3.815000e-06, 4.189000e-06,
    4.904000e-06, 6.020000e-06, 8.691000e-06, 1.340800e-05, 2.177000e-05, 4.009800e-05,
    7.520400e-05, 1.505190e-04, 4.126670e-04, 8.575670e-04, 1.757112e-03, 3.412646e-03,
    6.829236e-03, 1.348175e-02, 2.750913e-02
  ]
}
