{
  "name": "Python",
  "n": [
    1, 2, 4, 8, 16, 32, 64, 128, 256, 512, 1024, 2048, 4096, 8192, 16384, 32768, 65536,
    131072, 262144, 524288, 1048576, 2097152, 4194304, 8388608, 16777216, 33554432
    ],
  "timings": [
    1.434000e-06, 8.710000e-07, 7.150000e-07, 4.830000e-07, 5.570000e-07, 7.090000e-07,
    7.900000e-07, 1.179000e-06, 1.537000e-06, 3.016000e-06, 4.498000e-06, 1.055900e-05,
    1.687400e-05, 4.094500e-05, 6.876900e-05, 1.740740e-04, 3.093040e-04, 8.415810e-04,
    1.278886e-03, 3.171529e-03, 5.266874e-03, 1.241629e-02, 2.120353e-02, 5.075438e-02,
    8.529869e-02, 1.930132e-01
  ]
}
