{
  "name": "C++",
  "n": [
    1, 2, 4, 8, 16, 32, 64, 128, 256, 512, 1024
    ],
  "timings":[
    3.2e-08, 4.2e-08, 1.06e-07, 5.37e-07, 4.481e-06, 4.1326e-05, 0.000347617,
    0.00276572, 0.0184438, 0.154332, 2.96015
  ]
}
