{
  "name": "C++ (Eigen)",
  "n": [
    1, 2, 4, 8, 16, 32, 64, 128, 256, 512, 1024, 2048, 4096, 8192, 16384, 32768, 65536,
    131072, 262144, 524288, 1048576, 2097152, 4194304, 8388608, 16777216, 33554432,
    67108864
    ],
  "timings": [
    2.8e-08, 2.9e-08, 3.1e-08, 3.2e-08, 3.9e-08, 4.3e-08, 6.2e-08, 8.4e-08, 1.41e-07,
    2.52e-07, 4.75e-07, 9.24e-07, 2.003e-06, 3.998e-06, 8.02e-06, 2.007e-05, 3.8629e-05,
    7.651e-05, 0.000127675, 0.00033163, 0.000793304, 0.00166561, 0.0033625, 0.00681649,
    0.0137575, 0.0277199, 0.055086
    ]
}
