{
  "name": "C++",
  "n": [
    1, 2, 4, 8, 16, 32, 64, 128, 256, 512, 1024, 2048, 4096, 8192, 16384, 32768, 65536,
    131072, 262144, 524288, 1048576, 2097152, 4194304, 8388608, 16777216, 33554432,
    67108864
    ],
  "timings":[
    3.7e-08, 4.1e-08, 5.2e-08, 7.3e-08, 1.16e-07, 2e-07, 3.69e-07, 7.1e-07, 1.388e-06,
    2.745e-06, 5.454e-06, 1.0886e-05, 2.1759e-05, 5.2825e-05, 0.00010564, 0.000114331,
    0.000191806, 0.000360451, 0.000662395, 0.00143076, 0.00297054, 0.00555103,
    0.0108981, 0.0218179, 0.0436769, 0.0874146, 0.174636
  ]
}
