{
  "name": "Python (NumPy)",
  "n": [
    1, 2, 4, 8, 16, 32, 64, 128, 256, 512, 1024, 2048, 4096, 8192, 16384, 32768, 65536,
    131072, 262144, 524288, 1048576, 2097152, 4194304, 8388608, 16777216, 33554432,
    67108864
    ],
  "timings": [
    6.500000e-07, 6.360000e-07, 6.640000e-07, 6.400000e-07, 6.380000e-07, 6.630000e-07,
    6.640000e-07, 6.990000e-07, 7.830000e-07, 9.420000e-07, 1.169000e-06, 1.807000e-06,
    2.790000e-06, 4.974000e-06, 1.004100e-05, 1.831800e-05, 3.428500e-05, 6.930700e-05,
    2.058480e-04, 5.776730e-04, 1.333899e-03, 3.023516e-03, 7.851059e-03, 1.505717e-02,
    3.065352e-02, 5.843891e-02, 1.197854e-01
  ]
}
