{
  "name": "Python",
  "n": [
    1, 2, 4, 8, 16, 32, 64, 128, 256, 512, 1024, 2048, 4096, 8192, 16384, 32768, 65536,
    131072, 262144, 524288, 1048576, 2097152, 4194304, 8388608, 16777216
    ],
  "timings": [
    4.694000e-06, 2.540000e-06, 2.371000e-06, 2.485000e-06, 4.240000e-06, 6.740000e-06,
    1.246700e-05, 2.440800e-05, 4.984700e-05, 9.413200e-05, 1.874040e-04, 3.736770e-04,
    7.984300e-04, 1.508196e-03, 3.064104e-03, 6.410496e-03, 1.328532e-02, 2.440960e-02,
    4.779888e-02, 9.163312e-02, 1.934968e-01, 3.548605e-01, 6.931710e-01, 1.486953e+00,
    3.146055e+00
  ]
}
